{"cameraMode":{"drawMode":0,"name":"Shaded","section":"Shading Mode"},"sceneLighting":true,"audioPlay":false,"sceneViewState":{"m_AlwaysRefresh":false,"showFog":true,"showSkybox":true,"showFlares":true,"showImageEffects":true,"showParticleSystems":true,"showVisualEffectGraphs":true,"m_FxEnabled":true},"in2DMode":false,"pivot":{"x":-3.7025928497314455,"y":8.098014831542969,"z":-16.424346923828126},"rotation":{"x":0.4113929569721222,"y":-0.05464200675487518,"z":0.024702973663806917,"w":0.9094651937484741},"size":76.07361602783203,"orthographic":false}